,x,y,z,drone,timestamp
0,-3.6065633296966553,14.828530311584473,-24.9788818359375,hunter,1766456591145104784
1,-13.822254180908203,47.63886642456055,-29.5003604888916,target,1766456591145104784
2,-3.6295416355133057,14.9616117477417,-24.95838737487793,hunter,1766456591175471465
3,-13.850444793701172,47.61952590942383,-29.500314712524414,target,1766456591175471465
4,-3.65299391746521,15.021599769592285,-24.93776512145996,hunter,1766456591198079976
5,-13.91244888305664,47.6107063293457,-29.50023078918457,target,1766456591198079976
6,-3.665994167327881,15.152482986450195,-24.928340911865234,hunter,1766456591225655048
7,-13.946256637573242,47.59124755859375,-29.500192642211914,target,1766456591225655048
8,-3.687995433807373,15.21148681640625,-24.918888092041016,hunter,1766456591244518449
9,-14.002589225769043,47.58238220214844,-29.50010871887207,target,1766456591244518449
10,-3.701401472091675,15.351863861083984,-24.89615821838379,hunter,1766456591275307781
11,-14.036377906799316,47.5610237121582,-29.500062942504883,target,1766456591275307781
12,-3.726391315460205,15.409839630126953,-24.875316619873047,hunter,1766456591297108041
13,-14.098302841186523,47.55209732055664,-29.499977111816406,target,1766456591297108041
14,-3.740250825881958,15.536325454711914,-24.86583709716797,hunter,1766456591326275640
15,-14.132071495056152,47.53239822387695,-29.499940872192383,target,1766456591326275640
16,-3.766087532043457,15.604698181152344,-24.844955444335938,hunter,1766456591345009738
17,-14.193957328796387,47.52161407470703,-29.5006046295166,target,1766456591345009738
18,-3.778017282485962,15.728912353515625,-24.83354949951172,hunter,1766456591375414549
19,-14.222078323364258,47.501766204833984,-29.502077102661133,target,1766456591375414549
20,-3.8046770095825195,15.784884452819824,-24.81259536743164,hunter,1766456591404131384
21,-14.283928871154785,47.48184585571289,-29.50479507446289,target,1766456591404131384
22,-3.8194615840911865,15.906949996948242,-24.803050994873047,hunter,1766456591429905618
23,-14.345751762390137,47.4727668762207,-29.50620460510254,target,1766456591429905618
24,-3.847012758255005,16.02754020690918,-24.78200912475586,hunter,1766456591459724396
25,-14.379462242126465,47.45273208618164,-29.50657081604004,target,1766456591459724396
26,-3.875140905380249,16.092702865600586,-24.7705020904541,hunter,1766456591478172205
27,-14.44124698638916,47.44178009033203,-29.507038116455078,target,1766456591478172205
28,-3.8881149291992188,16.211042404174805,-24.749345779418945,hunter,1766456591508992947
29,-14.469321250915527,47.421634674072266,-29.50716209411621,target,1766456591508992947
30,-3.9197020530700684,16.27503776550293,-24.73736000061035,hunter,1766456591530805676
31,-14.5366792678833,47.410614013671875,-29.507265090942383,target,1766456591530805676
32,-3.9330427646636963,16.39129066467285,-24.715166091918945,hunter,1766456591559691207
33,-14.56473445892334,47.39033889770508,-29.507274627685547,target,1766456591559691207
34,-3.965507984161377,16.4541072845459,-24.6929874420166,hunter,1766456591579568854
35,-14.632047653198242,47.37925338745117,-29.50724983215332,target,1766456591579568854
36,-3.9792168140411377,16.557893753051758,-24.682907104492188,hunter,1766456591608712266
37,-14.66008472442627,47.360721588134766,-29.507225036621094,target,1766456591608712266
38,-4.009733200073242,16.619630813598633,-24.65873146057129,hunter,1766456591630166880
39,-14.721749305725098,47.34956359863281,-29.507152557373047,target,1766456591630166880
40,-4.026576042175293,16.680973052978516,-24.64866065979004,hunter,1766456591652099834
41,-14.755373001098633,47.32905578613281,-29.507116317749023,target,1766456591652099834
42,-4.040712356567383,16.79243278503418,-24.63657569885254,hunter,1766456591677932731
43,-14.816996574401855,47.317840576171875,-29.507030487060547,target,1766456591677932731
44,-4.072118282318115,16.84267807006836,-24.614423751831055,hunter,1766456591703754465
45,-14.844998359680176,47.29720687866211,-29.506986618041992,target,1766456591703754465
46,-4.089414119720459,16.952322006225586,-24.60436248779297,hunter,1766456591729030891
47,-14.906582832336426,47.28779983520508,-29.506900787353516,target,1766456591729030891
48,-4.121398448944092,17.060775756835938,-24.582225799560547,hunter,1766456591759661891
49,-14.94016170501709,47.26705551147461,-29.506864547729492,target,1766456591759661891
50,-4.1537017822265625,17.119447708129883,-24.560110092163086,hunter,1766456591778764435
51,-15.001705169677734,47.25570297241211,-29.506778717041016,target,1766456591778764435
52,-4.168480396270752,17.22614860534668,-24.548097610473633,hunter,1766456591808843863
53,-15.029668807983398,47.23482894897461,-29.50673484802246,target,1766456591808843863
54,-4.20117712020874,17.27428436279297,-24.538116455078125,hunter,1766456591828896954
55,-15.09117317199707,47.22531509399414,-29.506649017333984,target,1766456591828896954
56,-4.219108581542969,17.379379272460938,-24.51625633239746,hunter,1766456591852607656
57,-15.12470817565918,47.20431900024414,-29.50661277770996,target,1766456591852607656
58,-4.234097957611084,17.436243057250977,-24.504384994506836,hunter,1766456591869926452
59,-15.152650833129883,47.192840576171875,-29.506567001342773,target,1766456591869926452
60,-4.252137184143066,17.483379364013672,-24.494516372680664,hunter,1766456591894863768
61,-15.21409797668457,47.183250427246094,-29.506526947021484,target,1766456591894863768
62,-4.285338878631592,17.539644241333008,-24.472885131835938,hunter,1766456591913069492
63,-15.24760627746582,47.17172622680664,-29.506444931030273,target,1766456591913069492
64,-4.300479412078857,17.641948699951172,-24.46112823486328,hunter,1766456591936665324
65,-15.275519371032715,47.150535583496094,-29.506399154663086,target,1766456591936665324
66,-4.318684101104736,17.688091278076172,-24.45134925842285,hunter,1766456591962971510
67,-15.336915969848633,47.14087677001953,-29.506315231323242,target,1766456591962971510
68,-4.352145195007324,17.7431640625,-24.429899215698242,hunter,1766456591986309743
69,-15.370391845703125,47.11956787109375,-29.506277084350586,target,1766456591986309743
70,-4.367385387420654,17.843297958374023,-24.418231964111328,hunter,1766456592009293295
71,-15.431745529174805,47.10791015625,-29.506229400634766,target,1766456592009293295
72,-4.404020309448242,17.8974666595459,-24.406585693359375,hunter,1766456592026337308
73,-15.46519660949707,47.096229553222656,-29.50618553161621,target,1766456592026337308
74,-4.419303894042969,17.942367553710938,-24.385292053222656,hunter,1766456592046405548
75,-15.49306869506836,47.08647918701172,-29.506099700927734,target,1766456592046405548
76,-4.437652587890625,18.049259185791016,-24.373703002929688,hunter,1766456592075836585
77,-15.526508331298828,47.06300735473633,-29.506053924560547,target,1766456592075836585
78,-4.471303939819336,18.09343910217285,-24.364059448242188,hunter,1766456592096089235
79,-15.587787628173828,47.05319595336914,-29.505977630615234,target,1766456592096089235
80,-4.486598968505859,18.189918518066406,-24.34288787841797,hunter,1766456592127175282
81,-15.615633964538574,47.03156661987305,-29.505931854248047,target,1766456592127175282
82,-4.523285865783691,18.242137908935547,-24.32176971435547,hunter,1766456592145969657
83,-15.682439804077148,47.01972961425781,-29.505849838256836,target,1766456592145969657
84,-4.5385565757751465,18.337154388427734,-24.310272216796875,hunter,1766456592176186756
85,-15.710268020629883,46.99796676635742,-29.505802154541016,target,1766456592176186756
86,-4.572107315063477,18.380043029785156,-24.300704956054688,hunter,1766456592197150553
87,-15.771463394165039,46.98805236816406,-29.505720138549805,target,1766456592197150553
88,-4.590374946594238,18.473766326904297,-24.279691696166992,hunter,1766456592227180767
89,-15.804832458496094,46.9661750793457,-29.505680084228516,target,1766456592227180767
90,-4.623789310455322,18.524532318115234,-24.268251419067383,hunter,1766456592246113622
91,-15.865983963012695,46.9542121887207,-29.505598068237305,target,1766456592246113622
92,-4.638940811157227,18.61698341369629,-24.247310638427734,hunter,1766456592276229920
93,-15.893771171569824,46.93220901489258,-29.505550384521484,target,1766456592276229920
94,-4.672178745269775,18.658750534057617,-24.226470947265625,hunter,1766456592296970803
95,-15.95488166809082,46.92218780517578,-29.505468368530273,target,1766456592296970803
96,-4.690249443054199,18.750091552734375,-24.21706199645996,hunter,1766456592326926069
97,-15.988204956054688,46.90007400512695,-29.505428314208984,target,1766456592326926069
98,-4.723260879516602,18.79960060119629,-24.196491241455078,hunter,1766456592345862108
99,-16.049272537231445,46.887977600097656,-29.505346298217773,target,1766456592345862108
100,-4.738215446472168,18.8406925201416,-24.18534278869629,hunter,1766456592370044944
101,-16.077022552490234,46.86574172973633,-29.505300521850586,target,1766456592370044944
102,-4.7561187744140625,18.930559158325195,-24.176090240478516,hunter,1766456592396545307
103,-16.13804817199707,46.85560989379883,-29.505216598510742,target,1766456592396545307
104,-4.788825988769531,19.019695281982422,-24.155853271484375,hunter,1766456592427664353
105,-16.171323776245117,46.83325958251953,-29.505178451538086,target,1766456592427664353
106,-4.824342727661133,19.076034545898438,-24.133939743041992,hunter,1766456592446951336
107,-16.23784637451172,46.818992614746094,-29.50508689880371,target,1766456592446951336
108,-4.839094638824463,19.16397476196289,-24.123043060302734,hunter,1766456592476133958
109,-16.265552520751953,46.796512603759766,-29.505041122436523,target,1766456592476133958
110,-4.871458530426025,19.203704833984375,-24.10497283935547,hunter,1766456592495782999
111,-16.326488494873047,46.78627014160156,-29.50496482849121,target,1766456592495782999
112,-4.886131286621094,19.282745361328125,-24.09563636779785,hunter,1766456592527763011
113,-16.354175567626953,46.76572799682617,-29.504926681518555,target,1766456592527763011
114,-4.921266078948975,19.337745666503906,-24.082469940185547,hunter,1766456592545905162
115,-16.420604705810547,46.751312255859375,-29.504833221435547,target,1766456592545905162
116,-4.935873031616211,19.376855850219727,-24.061927795410156,hunter,1766456592565020094
117,-16.448270797729492,46.72859191894531,-29.504789352416992,target,1766456592565020094
118,-4.953378200531006,19.46239471435547,-24.052658081054688,hunter,1766456592594044554
119,-16.481464385986328,46.71823501586914,-29.504751205444336,target,1766456592594044554
120,-4.985410213470459,19.50876808166504,-24.03239631652832,hunter,1766456592612811702
121,-16.542295455932617,46.70579147338867,-29.504667282104492,target,1766456592612811702
122,-4.999947547912598,19.593273162841797,-24.02142333984375,hunter,1766456592642988145
123,-16.569934844970703,46.68291091918945,-29.504621505737305,target,1766456592642988145
124,-5.031886100769043,19.631471633911133,-24.001432418823242,hunter,1766456592665443567
125,-16.63072395324707,46.6724853515625,-29.50453758239746,target,1766456592665443567
126,-5.049285888671875,19.715059280395508,-23.99239730834961,hunter,1766456592694254560
127,-16.663867950439453,46.64949035644531,-29.504499435424805,target,1766456592694254560
128,-5.081151962280273,19.760398864746094,-23.972633361816406,hunter,1766456592714253877
129,-16.724609375,46.63691711425781,-29.50441551208496,target,1766456592714253877
130,-5.0956244468688965,19.84307861328125,-23.9619140625,hunter,1766456592743600760
131,-16.752208709716797,46.61379623413086,-29.504369735717773,target,1766456592743600760
132,-5.127443790435791,19.880475997924805,-23.942367553710938,hunter,1766456592764462142
133,-16.81290626525879,46.60326385498047,-29.504283905029297,target,1766456592764462142
134,-5.1447906494140625,19.962366104125977,-23.933536529541016,hunter,1766456592794332445
135,-16.84600257873535,46.58003616333008,-29.504247665405273,target,1766456592794332445
136,-5.176581859588623,20.006816864013672,-23.912555694580078,hunter,1766456592813150002
137,-16.906652450561523,46.56733703613281,-29.504154205322266,target,1766456592813150002
138,-5.193920612335205,20.095266342163086,-23.902170181274414,hunter,1766456592837405367
139,-16.939722061157227,46.54185485839844,-29.50411033630371,target,1766456592837405367
140,-5.211262226104736,20.131940841674805,-23.893566131591797,hunter,1766456592863807648
141,-17.00032615661621,46.53120803833008,-29.504032135009766,target,1766456592863807648
142,-5.240179538726807,20.21225357055664,-23.87481117248535,hunter,1766456592887860314
143,-17.027862548828125,46.50773239135742,-29.50398826599121,target,1766456592887860314
144,-5.257544994354248,20.248586654663086,-23.86635398864746,hunter,1766456592911443328
145,-17.088422775268555,46.497039794921875,-29.503950119018555,target,1766456592911443328
146,-5.289429187774658,20.292043685913086,-23.85626220703125,hunter,1766456592931484910
147,-17.121440887451172,46.48418426513672,-29.503856658935547,target,1766456592931484910
148,-5.3068528175354,20.371301651000977,-23.837902069091797,hunter,1766456592961165826
149,-17.154451370239258,46.46054458618164,-29.503820419311523,target,1766456592961165826
150,-5.338876247406006,20.414306640625,-23.819721221923828,hunter,1766456592979831892
151,-17.214946746826172,46.4476203918457,-29.503734588623047,target,1766456592979831892
152,-5.353470802307129,20.49273109436035,-23.80986976623535,hunter,1766456593004190915
153,-17.242433547973633,46.42387008666992,-29.503690719604492,target,1766456593004190915
154,-5.3710222244262695,20.528202056884766,-23.801698684692383,hunter,1766456593030811225
155,-17.302885055541992,46.41304397583008,-29.503604888916016,target,1766456593030811225
156,-5.403314590454102,20.605852127075195,-23.783824920654297,hunter,1766456593061104522
157,-17.335844039916992,46.38917922973633,-29.503568649291992,target,1766456593061104522
158,-5.435774326324463,20.64798355102539,-23.766090393066406,hunter,1766456593079746221
159,-17.3962459564209,46.376121520996094,-29.503482818603516,target,1766456593079746221
160,-5.450590133666992,20.68297004699707,-23.756473541259766,hunter,1766456593103209937
161,-17.42369270324707,46.35213088989258,-29.50343894958496,target,1766456593103209937
162,-5.468421459197998,20.759572982788086,-23.748483657836914,hunter,1766456593130432591
163,-17.484046936035156,46.34120559692383,-29.503353118896484,target,1766456593130432591
164,-5.501269340515137,20.835676193237305,-23.73099708557129,hunter,1766456593161378652
165,-17.516956329345703,46.31709671020508,-29.50331687927246,target,1766456593161378652
166,-5.534341812133789,20.876962661743164,-23.715518951416016,hunter,1766456593180598397
167,-17.5772647857666,46.30392074584961,-29.503231048583984,target,1766456593180598397
168,-5.549479961395264,20.95220375061035,-23.709529876708984,hunter,1766456593204364744
169,-17.604665756225586,46.27968978881836,-29.503185272216797,target,1766456593204364744
170,-5.567768573760986,20.986291885375977,-23.706134796142578,hunter,1766456593215267284
171,-17.66493034362793,46.26865005493164,-29.503149032592773,target,1766456593215267284
172,-5.583139419555664,20.986291885375977,-23.704008102416992,hunter,1766456593233227865
173,-17.66493034362793,46.25538635253906,-29.503103256225586,target,1766456593233227865
174,-5.6017746925354,21.06820297241211,-23.703989028930664,hunter,1766456593261597534
175,-17.697786331176758,46.24209213256836,-29.503055572509766,target,1766456593261597534
176,-5.639822483062744,21.109386444091797,-23.70945930480957,hunter,1766456593280730180
177,-17.763471603393555,46.228782653808594,-29.502973556518555,target,1766456593280730180
178,-5.65604829788208,21.14391326904297,-23.715404510498047,hunter,1766456593305057145
179,-17.790830612182617,46.204315185546875,-29.502925872802734,target,1766456593305057145
180,-5.675858020782471,21.220794677734375,-23.721935272216797,hunter,1766456593330426994
181,-17.850994110107422,46.19316864013672,-29.502843856811523,target,1766456593330426994
182,-5.713270664215088,21.29934310913086,-23.741256713867188,hunter,1766456593361277568
183,-17.88379669189453,46.16858673095703,-29.502803802490234,target,1766456593361277568
184,-5.75232458114624,21.34303855895996,-23.754615783691406,hunter,1766456593379751075
185,-17.943912506103516,46.1551399230957,-29.502721786499023,target,1766456593379751075
186,-5.770693302154541,21.424922943115234,-23.78418731689453,hunter,1766456593410668511
187,-17.97122573852539,46.13043975830078,-29.502676010131836,target,1766456593410668511
188,-5.8125786781311035,21.46291732788086,-23.81900405883789,hunter,1766456593432023076
189,-18.031293869018555,46.11918258666992,-29.502592086791992,target,1766456593432023076
190,-5.83627986907959,21.548259735107422,-23.836610794067383,hunter,1766456593462064607
191,-18.064044952392578,46.09436798095703,-29.502553939819336,target,1766456593462064607
192,-5.881657600402832,21.595958709716797,-23.879684448242188,hunter,1766456593480866069
193,-18.124061584472656,46.0807991027832,-29.502470016479492,target,1766456593480866069
194,-5.903204917907715,21.685495376586914,-23.90493392944336,hunter,1766456593510645863
195,-18.151330947875977,46.05586242675781,-29.502424240112305,target,1766456593510645863
196,-5.952638626098633,21.727087020874023,-23.95522117614746,hunter,1766456593531524726
197,-18.211301803588867,46.04449462890625,-29.50234031677246,target,1766456593531524726
198,-5.981068134307861,21.820741653442383,-23.97988510131836,hunter,1766456593555638343
199,-18.24399757385254,46.01944351196289,-29.502302169799805,target,1766456593555638343
200,-6.005650997161865,21.873075485229492,-24.01090431213379,hunter,1766456593577823395
201,-18.30391502380371,46.00574493408203,-29.502254486083984,target,1766456593577823395
202,-6.068316459655762,21.92627716064453,-24.043424606323242,hunter,1766456593595809946
203,-18.336584091186523,45.99201965332031,-29.502208709716797,target,1766456593595809946
204,-6.096104621887207,21.97127342224121,-24.106754302978516,hunter,1766456593614344297
205,-18.363801956176758,45.98057174682617,-29.502126693725586,target,1766456593614344297
206,-6.130873203277588,22.072328567504883,-24.137041091918945,hunter,1766456593644347077
207,-18.396453857421875,45.955322265625,-29.502086639404297,target,1766456593644347077
208,-6.198975563049316,22.128618240356445,-24.20672607421875,hunter,1766456593665259593
209,-18.45629119873047,45.9415168762207,-29.502004623413086,target,1766456593665259593
210,-6.23193359375,22.23386001586914,-24.24636459350586,hunter,1766456593695109208
211,-18.48348045349121,45.91614532470703,-29.501956939697266,target,1766456593695109208
212,-6.316534996032715,22.292333602905273,-24.28704071044922,hunter,1766456593713440733
213,-18.5487003326416,45.902278900146484,-29.501874923706055,target,1766456593713440733
214,-6.354191303253174,22.401386260986328,-24.36397361755371,hunter,1766456593744001170
215,-18.575862884521484,45.87678527832031,-29.501827239990234,target,1766456593744001170
216,-6.442315578460693,22.45171546936035,-24.4435977935791,hunter,1766456593764845857
217,-18.63559913635254,45.86517333984375,-29.501745223999023,target,1766456593764845857
218,-6.493580341339111,22.564001083374023,-24.48055076599121,hunter,1766456593794909823
219,-18.668169021606445,45.83956527709961,-29.501705169677734,target,1766456593794909823
220,-6.593676567077637,22.626108169555664,-24.525434494018555,hunter,1766456593813643656
221,-18.72785186767578,45.825565338134766,-29.501623153686523,target,1766456593813643656
222,-6.641852378845215,22.678300857543945,-24.608943939208984,hunter,1766456593832080568
223,-18.75497055053711,45.813880920410156,-29.501577377319336,target,1766456593832080568
224,-6.701923847198486,22.794437408447266,-24.64735984802246,hunter,1766456593861734268
225,-18.78750228881836,45.78812026977539,-29.501537322998047,target,1766456593861734268
226,-6.8186564445495605,22.858495712280273,-24.740488052368164,hunter,1766456593882005639
227,-18.84712028503418,45.7740364074707,-29.501447677612305,target,1766456593882005639
228,-6.88599967956543,22.977108001708984,-24.779586791992188,hunter,1766456593910914906
229,-18.879627227783203,45.7481575012207,-29.501407623291016,target,1766456593910914906
230,-7.004086017608643,23.0314884185791,-24.81880760192871,hunter,1766456593928854568
231,-18.933778762817383,45.73637008666992,-29.501371383666992,target,1766456593928854568
232,-7.078474998474121,23.097097396850586,-24.905359268188477,hunter,1766456593947606036
233,-18.966257095336914,45.72220230102539,-29.501285552978516,target,1766456593947606036
234,-7.142509460449219,23.218278884887695,-24.952627182006836,hunter,1766456593970714558
235,-18.99331283569336,45.6961669921875,-29.50124168395996,target,1766456593970714558
236,-7.2218017578125,23.284820556640625,-24.99986457824707,hunter,1766456593987992645
237,-19.02577018737793,45.68193435668945,-29.501195907592773,target,1766456593987992645
238,-7.30376672744751,23.34049415588379,-25.0391788482666,hunter,1766456594004685049
239,-19.0582218170166,45.67005157470703,-29.501155853271484,target,1766456594004685049
240,-7.374115943908691,23.407543182373047,-25.086246490478516,hunter,1766456594030206755
241,-19.117685317993164,45.65578079223633,-29.501073837280273,target,1766456594030206755
242,-7.535401344299316,23.46360969543457,-25.172088623046875,hunter,1766456594054694468
243,-19.144702911376953,45.62954330444336,-29.501028060913086,target,1766456594054694468
244,-7.62711763381958,23.598793029785156,-25.21858024597168,hunter,1766456594077512172
245,-19.209516525268555,45.615203857421875,-29.500980377197266,target,1766456594077512172
246,-7.802041530609131,23.655364990234375,-25.295413970947266,hunter,1766456594098324200
247,-19.236507415771484,45.60322952270508,-29.500905990600586,target,1766456594098324200
248,-7.884421348571777,23.7802734375,-25.34107208251953,hunter,1766456594128015137
249,-19.26349639892578,45.57684326171875,-29.500858306884766,target,1766456594128015137
250,-8.08935260772705,23.848651885986328,-25.386363983154297,hunter,1766456594146899441
251,-19.328235626220703,45.562416076660156,-29.500776290893555,target,1766456594146899441
252,-8.17771053314209,23.90576171875,-25.468353271484375,hunter,1766456594167180584
253,-19.355195999145508,45.53590774536133,-29.500728607177734,target,1766456594167180584
254,-8.286008834838867,24.031801223754883,-25.505144119262695,hunter,1766456594194904275
255,-19.38753890991211,45.52383041381836,-29.50069236755371,target,1766456594194904275
256,-8.490891456604004,24.10077667236328,-25.584957122802734,hunter,1766456594214148669
257,-19.446813583374023,45.50931930541992,-29.500606536865234,target,1766456594214148669
258,-8.586688995361328,24.227657318115234,-25.62782096862793,hunter,1766456594238119779
259,-19.473745346069336,45.4826545715332,-29.500560760498047,target,1766456594238119779
260,-8.703819274902344,24.2855224609375,-25.663175582885742,hunter,1766456594264566467
261,-19.53296661376953,45.47051239013672,-29.500478744506836,target,1766456594264566467
262,-8.92461109161377,24.413270950317383,-25.739748001098633,hunter,1766456594295527790
263,-19.56525421142578,45.44373321533203,-29.500438690185547,target,1766456594295527790
264,-9.15304946899414,24.48322296142578,-25.78078842163086,hunter,1766456594313572989
265,-19.624420166015625,45.429100036621094,-29.500356674194336,target,1766456594313572989
266,-9.259345054626465,24.541677474975586,-25.85468864440918,hunter,1766456594333807262
267,-19.65130615234375,45.40220642089844,-29.500308990478516,target,1766456594333807262
268,-9.388904571533203,24.670833587646484,-25.88772964477539,hunter,1766456594361632971
269,-19.68355369567871,45.38995361328125,-29.500272750854492,target,1766456594361632971
270,-9.632014274597168,24.741640090942383,-25.95921516418457,hunter,1766456594381019834
271,-19.742652893066406,45.3752326965332,-29.500186920166016,target,1766456594381019834
272,-9.744860649108887,24.872135162353516,-25.997283935546875,hunter,1766456594404941725
273,-19.76950454711914,45.34818649291992,-29.50014305114746,target,1766456594404941725
274,-9.88198471069336,24.931678771972656,-26.02794075012207,hunter,1766456594428464344
275,-19.82855224609375,45.33586883544922,-29.500104904174805,target,1766456594428464344
276,-10.137191772460938,25.00337791442871,-26.063995361328125,hunter,1766456594447779405
277,-19.86074447631836,45.32106399536133,-29.500011444091797,target,1766456594447779405
278,-10.27907657623291,25.075397491455078,-26.128910064697266,hunter,1766456594471980702
279,-19.892925262451172,45.293861389160156,-29.499975204467773,target,1766456594471980702
280,-10.398795127868652,25.208309173583984,-26.163734436035156,hunter,1766456594497290587
281,-19.95189666748047,45.27899169921875,-29.50017738342285,target,1766456594497290587
282,-10.666813850402832,25.3424015045166,-26.226585388183594,hunter,1766456594528189929
283,-19.978689193725586,45.25166320800781,-29.501089096069336,target,1766456594528189929
284,-10.941001892089844,25.40375518798828,-26.288305282592773,hunter,1766456594548553094
285,-20.037609100341797,45.23921203613281,-29.502384185791016,target,1766456594548553094
286,-11.093091011047363,25.47771453857422,-26.32158088684082,hunter,1766456594573972430
287,-20.069730758666992,45.20927047729492,-29.502784729003906,target,1766456594573972430
288,-11.246930122375488,25.614276885986328,-26.34914207458496,hunter,1766456594599143831
289,-20.12859535217285,45.19677734375,-29.503190994262695,target,1766456594599143831
290,-11.53342056274414,25.689298629760742,-26.40935707092285,hunter,1766456594622424066
291,-20.160688400268555,45.169227600097656,-29.503286361694336,target,1766456594622424066
292,-11.66550350189209,25.82781982421875,-26.442020416259766,hunter,1766456594637926027
293,-20.187423706054688,45.1541633605957,-29.503353118896484,target,1766456594637926027
294,-11.825506210327148,25.891202926635742,-26.46918487548828,hunter,1766456594662201880
295,-20.21949577331543,45.14159393310547,-29.50338363647461,target,1766456594662201880
296,-12.12300968170166,25.967607498168945,-26.52883529663086,hunter,1766456594681388304
297,-20.278270721435547,45.12649154663086,-29.50339126586914,target,1766456594681388304
298,-12.259967803955078,26.108646392822266,-26.56138038635254,hunter,1766456594711580453
299,-20.304975509643555,45.0987434387207,-29.503374099731445,target,1766456594711580453
300,-12.565021514892578,26.173173904418945,-26.58854866027832,hunter,1766456594731607108
301,-20.36369514465332,45.08611297607422,-29.503318786621094,target,1766456594731607108
302,-12.733542442321777,26.316068649291992,-26.648588180541992,hunter,1766456594761869724
303,-20.395709991455078,45.05826187133789,-29.5032901763916,target,1766456594761869724
304,-13.0463228225708,26.39455223083496,-26.70913314819336,hunter,1766456594781251706
305,-20.454374313354492,45.04303741455078,-29.50322151184082,target,1766456594781251706
306,-13.190081596374512,26.53940200805664,-26.742361068725586,hunter,1766456594811782352
307,-20.481029510498047,45.01506805419922,-29.503175735473633,target,1766456594811782352
308,-13.509771347045898,26.60566520690918,-26.80381965637207,hunter,1766456594833003317
309,-20.539640426635742,45.00232696533203,-29.503089904785156,target,1766456594833003317
310,-13.686111450195312,26.75240135192871,-26.83199119567871,hunter,1766456594862299578
311,-20.57159423828125,44.9742431640625,-29.503053665161133,target,1766456594862299578
312,-14.012922286987305,26.83299446105957,-26.89436149597168,hunter,1766456594881573285
313,-20.63014793395996,44.95888900756836,-29.502967834472656,target,1766456594881573285
314,-14.162909507751465,26.90044593811035,-26.928470611572266,hunter,1766456594899546688
315,-20.65675163269043,44.930686950683594,-29.5029239654541,target,1766456594899546688
316,-14.344047546386719,27.04981803894043,-26.95701026916504,hunter,1766456594922356122
317,-20.688669204711914,44.9178466796875,-29.502885818481445,target,1766456594922356122
318,-14.495976448059082,27.13191032409668,-26.99138069152832,hunter,1766456594945477077
319,-20.74715232849121,44.90241241455078,-29.502838134765625,target,1766456594945477077
320,-14.864163398742676,27.21446418762207,-27.02588653564453,hunter,1766456594964685681
321,-20.779035568237305,44.8869514465332,-29.502756118774414,target,1766456594964685681
322,-15.01904010772705,27.3670597076416,-27.089366912841797,hunter,1766456594994960220
323,-20.80559730529785,44.858558654785156,-29.502708435058594,target,1766456594994960220
324,-15.362690925598145,27.43697166442871,-27.15303611755371,hunter,1766456595015279999
325,-20.86400604248047,44.84562301635742,-29.502626419067383,target,1766456595015279999
326,-15.55182933807373,27.592084884643555,-27.182025909423828,hunter,1766456595045600875
327,-20.895849227905273,44.81711959838867,-29.502586364746094,target,1766456595045600875
328,-15.901617050170898,27.67747688293457,-27.251649856567383,hunter,1766456595065593624
329,-20.954200744628906,44.801536560058594,-29.50249671936035,target,1766456595065593624
330,-16.09404182434082,27.835521697998047,-27.28059959411621,hunter,1766456595095311326
331,-20.98601531982422,44.772918701171875,-29.502458572387695,target,1766456595095311326
332,-16.41721534729004,27.908010482788086,-27.3441162109375,hunter,1766456595115646547
333,-21.039011001586914,44.75988006591797,-29.50237464904785,target,1766456595115646547
334,-16.612585067749023,28.083717346191406,-27.37864875793457,hunter,1766456595145291945
335,-21.07079315185547,44.72853469848633,-29.502328872680664,target,1766456595145291945
336,-16.973573684692383,28.157682418823242,-27.441755294799805,hunter,1766456595166270072
337,-21.129032135009766,44.7154426574707,-29.50224494934082,target,1766456595166270072
338,-17.1719913482666,28.32198143005371,-27.47031593322754,hunter,1766456595196256416
339,-21.160785675048828,44.68659591674805,-29.502206802368164,target,1766456595196256416
340,-17.538450241088867,28.412519454956055,-27.532875061035156,hunter,1766456595214835699
341,-21.21896743774414,44.67082595825195,-29.50212287902832,target,1766456595214835699
342,-17.706159591674805,28.488475799560547,-27.56684112548828,hunter,1766456595238123027
343,-21.245399475097656,44.64185333251953,-29.502077102661133,target,1766456595238123027
344,-17.9083309173584,28.657230377197266,-27.59507942199707,hunter,1766456595262571556
345,-21.30352783203125,44.628662109375,-29.502037048339844,target,1766456595262571556
346,-18.28156280517578,28.750247955322266,-27.662641525268555,hunter,1766456595281787141
347,-21.335216522216797,44.61281204223633,-29.5019474029541,target,1766456595281787141
348,-18.48651695251465,28.92253303527832,-27.690731048583984,hunter,1766456595312791160
349,-21.366893768310547,44.58369445800781,-29.501909255981445,target,1766456595312791160
350,-18.864770889282227,29.017486572265625,-27.752567291259766,hunter,1766456595333288896
351,-21.424943923950195,44.56777572631836,-29.5018253326416,target,1766456595333288896
352,-19.03775405883789,29.193397521972656,-27.7863712310791,hunter,1766456595363118445
353,-21.45131492614746,44.538543701171875,-29.501779556274414,target,1766456595363118445
354,-19.45550537109375,29.29033088684082,-27.848373413085938,hunter,1766456595382061256
355,-21.51457977294922,44.52256393432617,-29.50169563293457,target,1766456595382061256
356,-19.630584716796875,29.469709396362305,-27.881927490234375,hunter,1766456595412609804
357,-21.540924072265625,44.49320602416992,-29.501649856567383,target,1766456595412609804
358,-20.01754379272461,29.55190658569336,-27.90959358215332,hunter,1766456595430958721
359,-21.598859786987305,44.47984313964844,-29.501609802246094,target,1766456595430958721
360,-20.229707717895508,29.65121078491211,-27.942962646484375,hunter,1766456595448737319
361,-21.630443572998047,44.463783264160156,-29.501527786254883,target,1766456595448737319
362,-20.40712547302246,29.835201263427734,-28.00471305847168,hunter,1766456595479187511
363,-21.656755447387695,44.43428039550781,-29.501482009887695,target,1766456595479187511
364,-20.7993106842041,29.91964340209961,-28.03296661376953,hunter,1766456595498845783
365,-21.714611053466797,44.42084503173828,-29.50139808654785,target,1766456595498845783
366,-21.01425552368164,30.02166175842285,-28.10132598876953,hunter,1766456595516075643
367,-21.746150970458984,44.404701232910156,-29.501352310180664,target,1766456595516075643
368,-21.229839324951172,30.21055030822754,-28.129737854003906,hunter,1766456595538775692
369,-21.77768325805664,44.37504196166992,-29.501312255859375,target,1766456595538775692
370,-21.409893035888672,30.297269821166992,-28.15842628479004,hunter,1766456595566155197
371,-21.83020782470703,44.361541748046875,-29.501230239868164,target,1766456595566155197
372,-21.80751609802246,30.40211296081543,-28.222667694091797,hunter,1766456595583648542
373,-21.861705780029297,44.34531784057617,-29.501190185546875,target,1766456595583648542
374,-21.988887786865234,30.5965633392334,-28.2584171295166,hunter,1766456595601795967
375,-21.887948989868164,44.315513610839844,-29.50114631652832,target,1766456595601795967
376,-22.207021713256836,30.68596649169922,-28.288698196411133,hunter,1766456595629610872
377,-21.9194278717041,44.30194091796875,-29.501108169555664,target,1766456595629610872
378,-22.60816192626953,30.794113159179688,-28.325660705566406,hunter,1766456595648816487
379,-21.977108001708984,44.2856330871582,-29.501014709472656,target,1766456595648816487
380,-22.82753562927246,30.994909286499023,-28.39528465270996,hunter,1766456595679642132
381,-22.008556365966797,44.255672454833984,-29.500978469848633,target,1766456595679642132
382,-23.230546951293945,31.10582733154297,-28.46733856201172,hunter,1766456595699957613
383,-22.06617546081543,44.23930740356445,-29.500892639160156,target,1766456595699957613
384,-23.414012908935547,31.311859130859375,-28.5078067779541,hunter,1766456595723922745
385,-22.092355728149414,44.20923614501953,-29.5008487701416,target,1766456595723922745
386,-23.634342193603516,31.406686782836914,-28.542205810546875,hunter,1766456595748034167
387,-22.14991569519043,44.1955451965332,-29.500762939453125,target,1766456595748034167
388,-24.038558959960938,31.521484375,-28.584327697753906,hunter,1766456595766567376
389,-22.181299209594727,44.17909240722656,-29.50071907043457,target,1766456595766567376
390,-24.259084701538086,31.734806060791016,-28.66381072998047,hunter,1766456595796391377
391,-22.21266746520996,44.14886474609375,-29.500680923461914,target,1766456595796391377
392,-24.66322898864746,31.852767944335938,-28.70844268798828,hunter,1766456595815374726
393,-22.270151138305664,44.132347106933594,-29.50059700012207,target,1766456595815374726
394,-24.84677505493164,32.072181701660156,-28.793039321899414,hunter,1766456595838870395
395,-22.2962646484375,44.10201644897461,-29.500551223754883,target,1766456595838870395
396,-25.066797256469727,32.17332077026367,-28.83272361755371,hunter,1766456595865798437
397,-22.35368537902832,44.08820343017578,-29.500465393066406,target,1766456595865798437
398,-25.46925163269043,32.29589080810547,-28.92270278930664,hunter,1766456595889485022
399,-22.384992599487305,44.05775833129883,-29.500429153442383,target,1766456595889485022
400,-25.651681900024414,32.524070739746094,-28.973270416259766,hunter,1766456595913605635
401,-22.44235610961914,44.04111862182617,-29.500383377075195,target,1766456595913605635
402,-26.051544189453125,32.62936019897461,-29.01630210876465,hunter,1766456595929765557
403,-22.468414306640625,44.02723693847656,-29.500343322753906,target,1766456595929765557
404,-26.268590927124023,32.75706481933594,-29.114009857177734,hunter,1766456595948559334
405,-22.499677658081055,44.010555267333984,-29.500261306762695,target,1766456595948559334
406,-26.448776245117188,32.99519729614258,-29.169084548950195,hunter,1766456595979207740
407,-22.525720596313477,43.97991943359375,-29.500213623046875,target,1766456595979207740
408,-26.84265899658203,33.105140686035156,-29.27277183532715,hunter,1766456595999892661
409,-22.582984924316406,43.96596908569336,-29.500131607055664,target,1766456595999892661
410,-27.05586814880371,33.23847198486328,-29.321144104003906,hunter,1766456596022093103
411,-22.61420440673828,43.93523406982422,-29.500091552734375,target,1766456596022093103
412,-27.23251724243164,33.487037658691406,-29.380300521850586,hunter,1766456596046326775
413,-22.640209197998047,43.91843032836914,-29.50004768371582,target,1766456596046326775
414,-27.652067184448242,33.624881744384766,-29.440664291381836,hunter,1766456596063711820
415,-22.702592849731445,43.901611328125,-29.500001907348633,target,1766456596063711820
416,-27.824840545654297,33.7409553527832,-29.49186897277832,hunter,1766456596081964711
417,-22.72857093811035,43.8875732421875,-29.499916076660156,target,1766456596081964711
418,-28.030452728271484,33.99997329711914,-29.607086181640625,hunter,1766456596113245641
419,-22.759733200073242,43.85663604736328,-29.50016212463379,target,1766456596113245641
420,-28.402101516723633,34.143310546875,-29.725746154785156,hunter,1766456596133523242
421,-22.81682777404785,43.839725494384766,-29.502670288085938,target,1766456596133523242
422,-28.568578720092773,34.40957260131836,-29.791847229003906,hunter,1766456596156162949
423,-22.8427677154541,43.808650970458984,-29.50420379638672,target,1766456596156162949
424,-28.76618766784668,34.55658721923828,-29.8588809967041,hunter,1766456596179951420
425,-22.873886108398438,43.79167556762695,-29.505287170410156,target,1766456596179951420
426,-29.12200355529785,34.679988861083984,-29.915416717529297,hunter,1766456596200391105
427,-22.9309024810791,43.77751541137695,-29.50644302368164,target,1766456596200391105
428,-29.31239891052246,34.82907485961914,-30.041776657104492,hunter,1766456596216979648
429,-22.961986541748047,43.74631118774414,-29.50674057006836,target,1766456596216979648
430,-29.469005584716797,35.10499572753906,-30.11171531677246,hunter,1766456596246501272
431,-22.98788070678711,43.72926330566406,-29.50697898864746,target,1766456596246501272
432,-29.806846618652344,35.231414794921875,-30.24150848388672,hunter,1766456596267083151
433,-23.044816970825195,43.71503829956055,-29.507205963134766,target,1766456596267083151
434,-29.98716926574707,35.38386917114258,-30.301090240478516,hunter,1766456596284154813
435,-23.075857162475586,43.68368911743164,-29.50724983215332,target,1766456596284154813
436,-30.135272979736328,35.66530227661133,-30.37302017211914,hunter,1766456596313225269
437,-23.101713180541992,43.666561126708984,-29.507274627685547,target,1766456596313225269
438,-30.45406723022461,35.793983459472656,-30.43328285217285,hunter,1766456596333440585
439,-23.158571243286133,43.65227508544922,-29.50726318359375,target,1766456596333440585
440,-30.62382698059082,35.9489631652832,-30.5667724609375,hunter,1766456596357225289
441,-23.18956756591797,43.620784759521484,-29.50724220275879,target,1766456596357225289
442,-30.763046264648438,36.23454666137695,-30.640043258666992,hunter,1766456596381714397
443,-23.24635887145996,43.603572845458984,-29.50718116760254,target,1766456596381714397
444,-31.062057495117188,36.36492919921875,-30.77507209777832,hunter,1766456596406323818
445,-23.27216339111328,43.57196807861328,-29.50714111328125,target,1766456596406323818
446,-31.22090721130371,36.679141998291016,-30.84905242919922,hunter,1766456596430447826
447,-23.33405303955078,43.55469512939453,-29.50709342956543,target,1766456596430447826
448,-31.504289627075195,36.8105583190918,-30.91084098815918,hunter,1766456596449246346
449,-23.359827041625977,43.54029083251953,-29.50701141357422,target,1766456596449246346
450,-31.654552459716797,37.10060119628906,-31.047155380249023,hunter,1766456596479851462
451,-23.3907413482666,43.5085334777832,-29.50697135925293,target,1766456596479851462
452,-31.922109603881836,37.259300231933594,-31.12167739868164,hunter,1766456596498095991
453,-23.447391510009766,43.49118423461914,-29.506927490234375,target,1766456596498095991
454,-32.040321350097656,37.39179611206055,-31.1838436126709,hunter,1766456596515832383
455,-23.473127365112305,43.476707458496094,-29.5068416595459,target,1766456596515832383
456,-32.179359436035156,37.68400955200195,-31.320743560791016,hunter,1766456596546706456
457,-23.503997802734375,43.44480895996094,-29.506805419921875,target,1766456596546706456
458,-32.42626190185547,37.84379196166992,-31.395450592041016,hunter,1766456596563721543
459,-23.560565948486328,43.42737579345703,-29.506759643554688,target,1766456596563721543
460,-32.55656433105469,38.00384521484375,-31.470155715942383,hunter,1766456596582098304
461,-23.591400146484375,43.40992736816406,-29.50667381286621,target,1766456596582098304
462,-32.66278839111328,38.29792404174805,-31.60704803466797,hunter,1766456596613715773
463,-23.617090225219727,43.37786865234375,-29.506629943847656,target,1766456596613715773
464,-32.888916015625,38.43185806274414,-31.669218063354492,hunter,1766456596632823874
465,-23.67357063293457,43.36328125,-29.50654411315918,target,1766456596632823874
466,-33.007869720458984,38.72706985473633,-31.805814743041992,hunter,1766456596656489443
467,-23.704362869262695,43.33111572265625,-29.506507873535156,target,1766456596656489443
468,-33.1046257019043,38.88840866088867,-31.880199432373047,hunter,1766456596680131592
469,-23.760780334472656,43.31354522705078,-29.50646209716797,target,1766456596680131592
470,-33.30988693237305,39.02302551269531,-31.942106246948242,hunter,1766456596700102196
471,-23.78641128540039,43.29888153076172,-29.506376266479492,target,1766456596700102196
472,-33.41743850708008,39.184757232666016,-32.07801818847656,hunter,1766456596723942778
473,-23.817157745361328,43.26657485961914,-29.50634002685547,target,1766456596723942778
474,-33.50468444824219,39.4818229675293,-32.151981353759766,hunter,1766456596747466580
475,-23.873493194580078,43.24892044067383,-29.50629234313965,target,1766456596747466580
476,-33.68899154663086,39.61709213256836,-32.2135124206543,hunter,1766456596766110691
477,-23.899085998535156,43.23419189453125,-29.506210327148438,target,1766456596766110691
478,-33.785091400146484,39.942352294921875,-32.36079788208008,hunter,1766456596789492964
479,-23.929786682128906,43.198787689208984,-29.50616455078125,target,1766456596789492964
480,-33.878055572509766,40.10531234741211,-32.43419647216797,hunter,1766456596807655002
481,-23.960474014282227,43.18104934692383,-29.50611686706543,target,1766456596807655002
482,-33.9679069519043,40.24116897583008,-32.49447250366211,hunter,1766456596833943499
483,-24.016700744628906,43.1662483215332,-29.50603485107422,target,1766456596833943499
484,-34.12791061401367,40.53990936279297,-32.62199020385742,hunter,1766456596863610156
485,-24.047353744506836,43.13364028930664,-29.50599479675293,target,1766456596863610156
486,-34.269813537597656,40.675601959228516,-32.67759323120117,hunter,1766456596883270564
487,-24.09840965270996,43.118797302246094,-29.50591278076172,target,1766456596883270564
488,-34.35332107543945,40.83829879760742,-32.79471969604492,hunter,1766456596906309525
489,-24.129030227661133,43.086082458496094,-29.50587272644043,target,1766456596906309525
490,-34.421966552734375,41.13606262207031,-32.8556022644043,hunter,1766456596930066238
491,-24.185131072998047,43.06821060180664,-29.505828857421875,target,1766456596930066238
492,-34.5699462890625,41.27109146118164,-32.96186065673828,hunter,1766456596949860938
493,-24.210617065429688,43.05329513549805,-29.5057430267334,target,1766456596949860938
494,-34.64889907836914,41.43280029296875,-33.016971588134766,hunter,1766456596967842519
495,-24.241188049316406,43.0174446105957,-29.50569725036621,target,1766456596967842519
496,-34.72661590576172,41.72805404663086,-33.06141662597656,hunter,1766456596989069247
497,-24.271747589111328,43.002479553222656,-29.505661010742188,target,1766456596989069247
498,-34.79043197631836,41.8882942199707,-33.11302947998047,hunter,1766456597013788145
499,-24.29720115661621,42.98450469970703,-29.505615234375,target,1766456597013788145
500,-34.92787551879883,42.02130126953125,-33.15464782714844,hunter,1766456597032157302
501,-24.35317611694336,42.969505310058594,-29.505531311035156,target,1766456597032157302
502,-35.001155853271484,42.180213928222656,-33.24197006225586,hunter,1766456597057247508
503,-24.38368797302246,42.93646240234375,-29.5054931640625,target,1766456597057247508
504,-35.06129455566406,42.46915817260742,-33.287391662597656,hunter,1766456597073277533
505,-24.40910530090332,42.91840744018555,-29.50544548034668,target,1766456597073277533
506,-35.132328033447266,42.599300384521484,-33.32416915893555,hunter,1766456597098715629
507,-24.464990615844727,42.903343200683594,-29.50536346435547,target,1766456597098715629
508,-35.25932312011719,42.75434875488281,-33.40884017944336,hunter,1766456597122357281
509,-24.49545669555664,42.86712646484375,-29.50531578063965,target,1766456597122357281
510,-35.32685470581055,43.03505325317383,-33.44275665283203,hunter,1766456597149705558
511,-24.55127716064453,42.85201644897461,-29.505233764648438,target,1766456597149705558
512,-35.44753646850586,43.310630798339844,-33.5147705078125,hunter,1766456597180639340
513,-24.581703186035156,42.8187141418457,-29.50519371032715,target,1766456597180639340
514,-35.56435775756836,43.45859909057617,-33.55264663696289,hunter,1766456597197575820
515,-24.63745880126953,42.80051803588867,-29.50514793395996,target,1766456597197575820
516,-35.61623764038086,43.5805549621582,-33.61968231201172,hunter,1766456597217261026
517,-24.662784576416016,42.785335540771484,-29.50506591796875,target,1766456597217261026
518,-35.67751693725586,43.844383239746094,-33.649169921875,hunter,1766456597239416714
519,-24.69316864013672,42.75188446044922,-29.50502586364746,target,1766456597239416714
520,-35.7277946472168,43.985595703125,-33.68376922607422,hunter,1766456597265265276
521,-24.74883460998535,42.73360824584961,-29.50494384765625,target,1766456597265265276
522,-35.83597946166992,44.23933410644531,-33.745033264160156,hunter,1766456597296812253
523,-24.774120330810547,42.70004653930664,-29.50489616394043,target,1766456597296812253
524,-35.940956115722656,44.35242462158203,-33.77197265625,hunter,1766456597316933994
525,-24.829723358154297,42.68476867675781,-29.50481414794922,target,1766456597316933994
526,-35.996917724609375,44.617942810058594,-33.8343620300293,hunter,1766456597346886578
527,-24.86003303527832,42.648040771484375,-29.5047664642334,target,1766456597346886578
528,-36.09720230102539,44.72608947753906,-33.88878631591797,hunter,1766456597366110576
529,-24.915571212768555,42.63270950317383,-29.504684448242188,target,1766456597366110576
530,-36.150672912597656,44.95875930786133,-33.91265869140625,hunter,1766456597389448093
531,-24.945844650268555,42.59893035888672,-29.5046443939209,target,1766456597389448093
532,-36.194580078125,45.08259582519531,-33.94060134887695,hunter,1766456597414033546
533,-24.97106170654297,42.58047103881836,-29.50459861755371,target,1766456597414033546
534,-36.289119720458984,45.18412399291992,-33.989837646484375,hunter,1766456597433306244
535,-25.02651023864746,42.56508255004883,-29.5045166015625,target,1766456597433306244
536,-36.33951950073242,45.40208435058594,-34.011375427246094,hunter,1766456597463586681
537,-25.05673599243164,42.53115463256836,-29.50447654724121,target,1766456597463586681
538,-36.429779052734375,45.517822265625,-34.056907653808594,hunter,1766456597484375836
539,-25.11211395263672,42.51262283325195,-29.50439453125,target,1766456597484375836
540,-36.46989822387695,45.612571716308594,-34.080657958984375,hunter,1766456597500497509
541,-25.137271881103516,42.47858810424805,-29.50434684753418,target,1766456597500497509
542,-36.517303466796875,45.815574645996094,-34.09986114501953,hunter,1766456597529982830
543,-25.167448043823242,42.463096618652344,-29.504310607910156,target,1766456597529982830
544,-36.60214614868164,45.923152923583984,-34.14021301269531,hunter,1766456597551338970
545,-25.222736358642578,42.444480895996094,-29.50422477722168,target,1766456597551338970
546,-36.639835357666016,46.1146125793457,-34.161128997802734,hunter,1766456597580466998
547,-25.247854232788086,42.410301208496094,-29.504179000854492,target,1766456597580466998
548,-36.720848083496094,46.199188232421875,-34.19746017456055,hunter,1766456597599895798
549,-25.303077697753906,42.394744873046875,-29.50409507751465,target,1766456597599895798
550,-36.76394271850586,46.39593505859375,-34.2161865234375,hunter,1766456597630076234
551,-25.33318328857422,42.35734176635742,-29.50404930114746,target,1766456597630076234
552,-36.84096908569336,46.4753303527832,-34.23120880126953,hunter,1766456597649612115
553,-25.38833999633789,42.341732025146484,-29.50396728515625,target,1766456597649612115
554,-36.881927490234375,46.644710540771484,-34.26240158081055,hunter,1766456597672848826
555,-25.418407440185547,42.307342529296875,-29.50392723083496,target,1766456597672848826
556,-36.915489196777344,46.734046936035156,-34.278358459472656,hunter,1766456597696911082
557,-25.443450927734375,42.28854751586914,-29.503883361816406,target,1766456597696911082
558,-36.98752975463867,46.80686569213867,-34.30570602416992,hunter,1766456597717238938
559,-25.498519897460938,42.27286911010742,-29.50379753112793,target,1766456597717238938
560,-37.02580261230469,46.96188735961914,-34.31733322143555,hunter,1766456597740064379
561,-25.528533935546875,42.23833465576172,-29.503761291503906,target,1766456597740064379
562,-37.05715560913086,47.04347610473633,-34.33063888549805,hunter,1766456597763516414
563,-25.583534240722656,42.21946716308594,-29.50371551513672,target,1766456597763516414
564,-37.12441635131836,47.10987091064453,-34.3411865234375,hunter,1766456597783332181
565,-25.608516693115234,42.2037239074707,-29.503631591796875,target,1766456597783332181
566,-37.16013717651367,47.25091552734375,-34.36272430419922,hunter,1766456597806482955
567,-25.638484954833984,42.16904830932617,-29.50359344482422,target,1766456597806482955
568,-37.18939208984375,47.32495880126953,-34.37352752685547,hunter,1766456597831162755
569,-25.69339370727539,42.15010070800781,-29.5035457611084,target,1766456597831162755
570,-37.25773239135742,47.396995544433594,-34.38368225097656,hunter,1766456597849803670
571,-25.72332191467285,42.13113021850586,-29.503463745117188,target,1766456597849803670
572,-37.28544616699219,47.51262283325195,-34.399192810058594,hunter,1766456597873233240
573,-25.748252868652344,42.09947204589844,-29.5034236907959,target,1766456597873233240
574,-37.312721252441406,47.579368591308594,-34.40768051147461,hunter,1766456597897999176
575,-25.803070068359375,42.080448150634766,-29.50337791442871,target,1766456597897999176
576,-37.376434326171875,47.64417266845703,-34.42169189453125,hunter,1766456597916834869
577,-25.832950592041016,42.0614013671875,-29.5032958984375,target,1766456597916834869
578,-37.40227127075195,47.75798797607422,-34.42851638793945,hunter,1766456597939196387
579,-25.85784149169922,42.026424407958984,-29.50324821472168,target,1766456597939196387
580,-37.432743072509766,47.8076171875,-34.433780670166016,hunter,1766456597963304512
581,-25.912567138671875,42.01050567626953,-29.503211975097656,target,1766456597963304512
582,-37.487125396728516,47.86545181274414,-34.43959426879883,hunter,1766456597983499491
583,-25.94239616394043,41.99138259887695,-29.50311851501465,target,1766456597983499491
584,-37.51599884033203,47.921443939208984,-34.44889831542969,hunter,1766456598005465262
585,-25.97221565246582,41.956268310546875,-29.503080368041992,target,1766456598005465262
586,-37.539649963378906,48.01070022583008,-34.45256423950195,hunter,1766456598022965980
587,-25.997053146362305,41.94028091430664,-29.50304412841797,target,1766456598022965980
588,-37.562931060791016,48.06187057495117,-34.456512451171875,hunter,1766456598046975623
589,-26.021879196166992,41.92108154296875,-29.50299644470215,target,1766456598046975623
590,-37.612884521484375,48.10314178466797,-34.459442138671875,hunter,1766456598065636599
591,-26.07646942138672,41.90506362915039,-29.502914428710938,target,1766456598065636599
592,-37.63942337036133,48.15107345581055,-34.46518325805664,hunter,1766456598085225436
593,-26.106224060058594,41.86656188964844,-29.50286865234375,target,1766456598085225436
594,-37.665470123291016,48.23446273803711,-34.46705627441406,hunter,1766456598114005579
595,-26.13596534729004,41.85049057006836,-29.50282859802246,target,1766456598114005579
596,-37.71200180053711,48.27754211425781,-34.46892166137695,hunter,1766456598132189629
597,-26.190458297729492,41.83119583129883,-29.50274658203125,target,1766456598132189629
598,-37.732643127441406,48.31217575073242,-34.47129821777344,hunter,1766456598151053107
599,-26.215211868286133,41.79575729370117,-29.50269889831543,target,1766456598151053107
600,-37.75699996948242,48.38435745239258,-34.47195053100586,hunter,1766456598180431500
601,-26.244901657104492,41.779624938964844,-29.502662658691406,target,1766456598180431500
602,-37.8005256652832,48.42145538330078,-34.47250747680664,hunter,1766456598199765402
603,-26.29930305480957,41.7602424621582,-29.50257682800293,target,1766456598199765402
604,-37.819847106933594,48.485374450683594,-34.47231674194336,hunter,1766456598230072854
605,-26.324012756347656,41.724666595458984,-29.502532958984375,target,1766456598230072854
606,-37.86134719848633,48.51272964477539,-34.471126556396484,hunter,1766456598250441921
607,-26.378347396850586,41.70846939086914,-29.5024471282959,target,1766456598250441921
608,-37.88341522216797,48.54416275024414,-34.47003936767578,hunter,1766456598267546576
609,-26.407962799072266,41.66954040527344,-29.50240135192871,target,1766456598267546576
610,-37.905094146728516,48.59794235229492,-34.46891403198242,hunter,1766456598288806337
611,-26.437564849853516,41.65329360961914,-29.502365112304688,target,1766456598288806337
612,-37.92286682128906,48.62522888183594,-34.46731185913086,hunter,1766456598313836770
613,-26.491798400878906,41.6337776184082,-29.5023193359375,target,1766456598313836770
614,-37.96106719970703,48.64688491821289,-34.46367263793945,hunter,1766456598339257344
615,-26.516437530517578,41.59794235229492,-29.502235412597656,target,1766456598339257344
616,-37.981388092041016,48.6949348449707,-34.46133041381836,hunter,1766456598355986675
617,-26.545989990234375,41.578372955322266,-29.50218963623047,target,1766456598355986675
618,-38.00135803222656,48.71336364746094,-34.45920181274414,hunter,1766456598380685805
619,-26.575523376464844,41.56204605102539,-29.50214958190918,target,1766456598380685805
620,-38.037078857421875,48.73426055908203,-34.453975677490234,hunter,1766456598400112739
621,-26.629638671875,41.54243469238281,-29.50206756591797,target,1766456598400112739
622,-38.05293655395508,48.75068664550781,-34.45051574707031,hunter,1766456598422885296
623,-26.654220581054688,41.50642395019531,-29.50201988220215,target,1766456598422885296
624,-38.07169723510742,48.78403091430664,-34.44734573364258,hunter,1766456598450297013
625,-26.70826530456543,41.49003219604492,-29.501937866210938,target,1766456598450297013
626,-38.10527801513672,48.80051040649414,-34.43996810913086,hunter,1766456598468940970
627,-26.73772621154785,41.45391845703125,-29.50189781188965,target,1766456598468940970
628,-38.12018966674805,48.82759094238281,-34.43574523925781,hunter,1766456598496846658
629,-26.76226806640625,41.4341926574707,-29.50185203552246,target,1766456598496846658
630,-38.15223693847656,48.83866500854492,-34.42700958251953,hunter,1766456598517407892
631,-26.816219329833984,41.41773223876953,-29.50177001953125,target,1766456598517407892
632,-38.16931915283203,48.86045837402344,-34.422794342041016,hunter,1766456598546944452
633,-26.84562873840332,41.38148498535156,-29.50172996520996,target,1766456598546944452
634,-38.1998405456543,48.87078094482422,-34.413330078125,hunter,1766456598567868404
635,-26.899505615234375,41.3616828918457,-29.50164794921875,target,1766456598567868404
636,-38.21337890625,48.88690185546875,-34.40806579589844,hunter,1766456598590082968
637,-26.923980712890625,41.325321197509766,-29.50160026550293,target,1766456598590082968
638,-38.22935104370117,48.894222259521484,-34.40273666381836,hunter,1766456598609876837
639,-26.953338623046875,41.305458068847656,-29.501556396484375,target,1766456598609876837
640,-38.24502944946289,48.89955139160156,-34.398258209228516,hunter,1766456598632238187
641,-27.007125854492188,41.28888702392578,-29.50147819519043,target,1766456598632238187
642,-38.270511627197266,48.90890884399414,-34.38827133178711,hunter,1766456598663570811
643,-27.031557083129883,41.25238800048828,-29.501434326171875,target,1766456598663570811
644,-38.3000373840332,48.91266632080078,-34.38276290893555,hunter,1766456598682325854
645,-27.090152740478516,41.232444763183594,-29.501388549804688,target,1766456598682325854
646,-38.31438064575195,48.9155158996582,-34.37721252441406,hunter,1766456598698722370
647,-27.119430541992188,41.21249008178711,-29.50130271911621,target,1766456598698722370
648,-38.32611083984375,48.91720962524414,-34.36789321899414,hunter,1766456598717892603
649,-27.143817901611328,41.17917251586914,-29.501266479492188,target,1766456598717892603
650,-38.337650299072266,48.918304443359375,-34.362266540527344,hunter,1766456598739825947
651,-27.16819190979004,41.15915298461914,-29.501220703125,target,1766456598739825947
652,-38.35124588012695,48.91868209838867,-34.35755920410156,hunter,1766456598756184667
653,-27.197431564331055,41.14246368408203,-29.50118064880371,target,1766456598756184667
654,-38.36236572265625,48.91773986816406,-34.35190200805664,hunter,1766456598773143292
655,-27.221786499023438,41.12240982055664,-29.501136779785156,target,1766456598773143292
656,-38.37548065185547,48.91602325439453,-34.34622573852539,hunter,1766456598799233078
657,-27.28019905090332,41.10233688354492,-29.50105094909668,target,1766456598799233078
658,-38.39881134033203,48.91150665283203,-34.33676528930664,hunter,1766456598830107304
659,-27.30451774597168,41.06882858276367,-29.501014709472656,target,1766456598830107304
660,-38.42125701904297,48.907840728759766,-34.326358795166016,hunter,1766456598850299260
661,-27.35799217224121,41.0486946105957,-29.50092887878418,target,1766456598850299260
662,-38.431175231933594,48.90425491333008,-34.320682525634766,hunter,1766456598867353516
663,-27.382280349731445,41.011741638183594,-29.500883102416992,target,1766456598867353516
664,-38.442832946777344,48.89380645751953,-34.31501388549805,hunter,1766456598896670436
665,-27.411413192749023,40.99155044555664,-29.500839233398438,target,1766456598896670436
666,-38.46354293823242,48.88871383666992,-34.305599212646484,hunter,1766456598917713770
667,-27.464786529541016,40.97471237182617,-29.500761032104492,target,1766456598917713770
668,-38.472679138183594,48.88319396972656,-34.29997253417969,hunter,1766456598933805338
669,-27.48903465270996,40.93761444091797,-29.500717163085938,target,1766456598933805338
670,-38.4834098815918,48.868324279785156,-34.294368743896484,hunter,1766456598963579300
671,-27.51811408996582,40.91735076904297,-29.50067138671875,target,1766456598963579300
672,-38.50243377685547,48.861473083496094,-34.28971862792969,hunter,1766456598982651644
673,-27.571393966674805,40.90045166015625,-29.500587463378906,target,1766456598982651644
674,-38.51246643066406,48.84515380859375,-34.27955627441406,hunter,1766456599006996139
675,-27.600433349609375,40.86321258544922,-29.50054931640625,target,1766456599006996139
676,-38.52063751220703,48.83555603027344,-34.27405548095703,hunter,1766456599031797797
677,-27.653636932373047,40.842872619628906,-29.500465393066406,target,1766456599031797797
678,-38.53802490234375,48.8167610168457,-34.26406478881836,hunter,1766456599063417211
679,-27.677804946899414,40.8055305480957,-29.50041961669922,target,1766456599063417211
680,-38.55461120605469,48.807743072509766,-34.25956726074219,hunter,1766456599083591328
681,-27.730934143066406,40.788536071777344,-29.500335693359375,target,1766456599083591328
682,-38.563323974609375,48.784934997558594,-34.24889373779297,hunter,1766456599109146242
683,-27.759897232055664,40.747684478759766,-29.500289916992188,target,1766456599109146242
684,-38.57180404663086,48.77499008178711,-34.24449920654297,hunter,1766456599130289587
685,-27.81295394897461,40.73063659667969,-29.5002498626709,target,1766456599130289587
686,-38.58674621582031,48.762718200683594,-34.2392692565918,hunter,1766456599149134520
687,-27.84187126159668,40.71016311645508,-29.500167846679688,target,1766456599149134520
688,-38.593284606933594,48.752235412597656,-34.22980880737305,hunter,1766456599173633742
689,-27.8659610748291,40.672576904296875,-29.5001220703125,target,1766456599173633742
690,-38.60092544555664,48.72616195678711,-34.22472381591797,hunter,1766456599197154422
691,-27.894853591918945,40.65204620361328,-29.50007438659668,target,1766456599197154422
692,-38.614349365234375,48.71494674682617,-34.21636199951172,hunter,1766456599217316515
693,-27.947784423828125,40.63491439819336,-29.5,target,1766456599217316515
694,-38.62020492553711,48.70354080200195,-34.211421966552734,hunter,1766456599240324871
695,-27.971830368041992,40.597190856933594,-29.49995231628418,target,1766456599240324871
696,-38.62702941894531,48.675437927246094,-34.206539154052734,hunter,1766456599266255101
697,-28.029491424560547,40.57658386230469,-29.5006046295166,target,1766456599266255101
698,-38.63897705078125,48.66344451904297,-34.19774627685547,hunter,1766456599289390627
699,-28.05350112915039,40.53873825073242,-29.501529693603516,target,1766456599289390627
700,-38.64519119262695,48.63655471801758,-34.193817138671875,hunter,1766456599313772569
701,-28.08229637145996,40.52151107788086,-29.502113342285156,target,1766456599313772569
702,-38.65603256225586,48.62161636352539,-34.18915939331055,hunter,1766456599333016003
703,-28.135047912597656,40.50082778930664,-29.502885818481445,target,1766456599333016003
704,-38.660728454589844,48.609031677246094,-34.180782318115234,hunter,1766456599351345137
705,-28.159013748168945,40.462852478027344,-29.50311279296875,target,1766456599351345137
706,-38.666175842285156,48.59377670288086,-34.17704772949219,hunter,1766456599368381475
707,-28.187755584716797,40.44557189941406,-29.503236770629883,target,1766456599368381475
708,-38.67055892944336,48.565452575683594,-34.172630310058594,hunter,1766456599397299552
709,-28.21169662475586,40.42481231689453,-29.503326416015625,target,1766456599397299552
710,-38.6796989440918,48.55244445800781,-34.16469192504883,hunter,1766456599417958363
711,-28.264333724975586,40.40749740600586,-29.503393173217773,target,1766456599417958363
712,-38.68440246582031,48.5235595703125,-34.16115951538086,hunter,1766456599447332920
713,-28.29302215576172,40.369361877441406,-29.503395080566406,target,1766456599447332920
714,-38.6925048828125,48.5076789855957,-34.15287399291992,hunter,1766456599467598704
715,-28.3455810546875,40.34852981567383,-29.50336265563965,target,1766456599467598704
716,-38.69664764404297,48.47838592529297,-34.14950180053711,hunter,1766456599497071208
717,-28.37422752380371,40.31028366088867,-29.503339767456055,target,1766456599497071208
718,-38.70375061035156,48.46234130859375,-34.14225387573242,hunter,1766456599517676184
719,-28.42671012878418,40.28939437866211,-29.50327491760254,target,1766456599517676184
720,-38.70676803588867,48.43283462524414,-34.138397216796875,hunter,1766456599547447810
721,-28.450551986694336,40.25104904174805,-29.503238677978516,target,1766456599547447810
722,-38.71295166015625,48.41940689086914,-34.13152313232422,hunter,1766456599567146234
723,-28.502960205078125,40.23359680175781,-29.50315284729004,target,1766456599567146234
724,-38.71605682373047,48.38986587524414,-34.128475189208984,hunter,1766456599597189926
725,-28.53152847290039,40.19514465332031,-29.503116607666016,target,1766456599597189926
726,-38.72128677368164,48.3737678527832,-34.12135696411133,hunter,1766456599617587049
727,-28.583858489990234,40.17414474487305,-29.50302505493164,target,1766456599617587049
728,-38.72388458251953,48.34434509277344,-34.118473052978516,hunter,1766456599647192144
729,-28.612384796142578,40.13559341430664,-29.50298500061035,target,1766456599647192144
730,-38.728187561035156,48.3283576965332,-34.115074157714844,hunter,1766456599666743507
731,-28.664640426635742,40.11453628540039,-29.50290298461914,target,1766456599666743507
732,-38.729949951171875,48.31508255004883,-34.10902786254883,hunter,1766456599689991853
733,-28.68837547302246,40.07587432861328,-29.50285530090332,target,1766456599689991853
734,-38.73190689086914,48.28603744506836,-34.106361389160156,hunter,1766456599716737942
735,-28.740556716918945,40.05828094482422,-29.50277328491211,target,1766456599716737942
736,-38.73505783081055,48.25728225708008,-34.10066604614258,hunter,1766456599740786313
737,-28.768999099731445,40.01952362060547,-29.50273323059082,target,1766456599740786313
738,-38.736305236816406,48.24174118041992,-34.09765625,hunter,1766456599766581977
739,-28.82110023498535,39.998355865478516,-29.50265121459961,target,1766456599766581977
740,-38.738651275634766,48.21354293823242,-34.09231185913086,hunter,1766456599797229110
741,-28.84476661682129,39.95949172973633,-29.50260353088379,target,1766456599797229110
742,-38.74045944213867,48.200862884521484,-34.08720779418945,hunter,1766456599817331960
743,-28.896799087524414,39.94180679321289,-29.502521514892578,target,1766456599817331960
744,-38.7412223815918,48.17329406738281,-34.0849609375,hunter,1766456599839382300
745,-28.92515754699707,39.90284729003906,-29.50248146057129,target,1766456599839382300
746,-38.741737365722656,48.158470153808594,-34.08232879638672,hunter,1766456599856823980
747,-28.94877815246582,39.88156509399414,-29.5024356842041,target,1766456599856823980
748,-38.74221420288086,48.1462287902832,-34.080177307128906,hunter,1766456599872732896
749,-28.977108001708984,39.86381530761719,-29.502399444580078,target,1766456599872732896
750,-38.74250411987305,48.13169860839844,-34.077659606933594,hunter,1766456599897303673
751,-29.000707626342773,39.842498779296875,-29.50235366821289,target,1766456599897303673
752,-38.742767333984375,48.11971664428711,-34.07561492919922,hunter,1766456599916870587
753,-29.052587509155273,39.82472229003906,-29.502269744873047,target,1766456599916870587
